{"cameraMode":{"drawMode":0,"name":"Shaded","section":"Shading Mode"},"sceneLighting":true,"audioPlay":false,"sceneViewState":{"showFog":true,"showMaterialUpdate":false,"showSkybox":false,"showFlares":true,"showImageEffects":true,"showParticleSystems":true},"in2DMode":false,"pivot":{"x":-0.8220863342285156,"y":-19.85243797302246,"z":235.90615844726563},"rotation":{"x":-0.23617948591709138,"y":-0.02303076721727848,"z":0.005599391646683216,"w":-0.9714207053184509},"size":84.26498413085938,"orthographic":false}