{"cameraMode":{"drawMode":0,"name":"Shaded","section":"Shading Mode"},"sceneLighting":false,"audioPlay":false,"sceneViewState":{"showFog":true,"showMaterialUpdate":false,"showSkybox":false,"showFlares":true,"showImageEffects":true,"showParticleSystems":true},"in2DMode":false,"pivot":{"x":-0.8767213821411133,"y":0.693575382232666,"z":6.8283586502075199},"rotation":{"x":0.07802878320217133,"y":-0.9047372937202454,"z":0.1888808012008667,"w":0.37379175424575808},"size":5.369001865386963,"orthographic":false}