{"cameraMode":{"drawMode":0,"name":"Shaded","section":"Shading Mode"},"sceneLighting":true,"audioPlay":false,"sceneViewState":{"showFog":true,"showMaterialUpdate":false,"showSkybox":false,"showFlares":true,"showImageEffects":true,"showParticleSystems":true},"in2DMode":false,"pivot":{"x":0.33069562911987307,"y":6.0525617599487309,"z":31.835540771484376},"rotation":{"x":0.22531767189502717,"y":0.2732997238636017,"z":-0.06601220369338989,"w":0.9328410029411316},"size":33.77735137939453,"orthographic":false}