{"cameraMode":{"drawMode":0,"name":"Shaded","section":"Shading Mode"},"sceneLighting":true,"audioPlay":false,"sceneViewState":{"showFog":true,"showMaterialUpdate":false,"showSkybox":false,"showFlares":true,"showImageEffects":true,"showParticleSystems":true},"in2DMode":false,"pivot":{"x":0.0,"y":1.100000023841858,"z":328.6000061035156},"rotation":{"x":0.12558819353580476,"y":0.03510996699333191,"z":-0.00444745784625411,"w":0.9914513826370239},"size":3.646482229232788,"orthographic":false}