{"cameraMode":{"drawMode":0,"name":"Shaded","section":"Shading Mode"},"sceneLighting":true,"audioPlay":false,"sceneViewState":{"showFog":true,"showMaterialUpdate":false,"showSkybox":false,"showFlares":true,"showImageEffects":true,"showParticleSystems":true},"in2DMode":false,"pivot":{"x":191.38278198242188,"y":-182.16876220703126,"z":398.67950439453127},"rotation":{"x":0.22531767189502717,"y":0.2732997238636017,"z":-0.06601220369338989,"w":0.9328410029411316},"size":324.73333740234377,"orthographic":false}