{"cameraMode":{"drawMode":0,"name":"Shaded","section":"Shading Mode"},"sceneLighting":true,"audioPlay":false,"sceneViewState":{"showFog":true,"showMaterialUpdate":false,"showSkybox":false,"showFlares":true,"showImageEffects":true,"showParticleSystems":true},"in2DMode":false,"pivot":{"x":82.48060607910156,"y":92.24031066894531,"z":440.542724609375},"rotation":{"x":-0.23057498037815095,"y":0.6593115925788879,"z":-0.22362329065799714,"w":-0.6798095703125},"size":38.51332092285156,"orthographic":false}