{"cameraMode":{"drawMode":0,"name":"Shaded","section":"Shading Mode"},"sceneLighting":true,"audioPlay":false,"sceneViewState":{"showFog":true,"showMaterialUpdate":false,"showSkybox":false,"showFlares":true,"showImageEffects":true,"showParticleSystems":true},"in2DMode":false,"pivot":{"x":10.70277214050293,"y":1.0522708892822266,"z":-7.238615036010742},"rotation":{"x":0.20493856072425843,"y":0.13748976588249207,"z":-0.029089512303471566,"w":0.9686346054077148},"size":21.220745086669923,"orthographic":false}