{"cameraMode":{"drawMode":0,"name":"Shaded","section":"Shading Mode"},"sceneLighting":true,"audioPlay":false,"sceneViewState":{"showFog":true,"showMaterialUpdate":false,"showSkybox":false,"showFlares":true,"showImageEffects":true,"showParticleSystems":true},"in2DMode":false,"pivot":{"x":8.275642395019532,"y":2.232635498046875,"z":454.0755920410156},"rotation":{"x":-0.39672648906707766,"y":-0.5541626811027527,"z":0.33900249004364016,"w":-0.6485378742218018},"size":41.07427978515625,"orthographic":false}