{"cameraMode":{"drawMode":0,"name":"Shaded","section":"Shading Mode"},"sceneLighting":true,"audioPlay":false,"sceneViewState":{"showFog":true,"showMaterialUpdate":false,"showSkybox":false,"showFlares":true,"showImageEffects":true,"showParticleSystems":true},"in2DMode":false,"pivot":{"x":3.6005859375,"y":3.2800023555755617,"z":67.09884643554688},"rotation":{"x":0.08137061446905136,"y":-0.5820627808570862,"z":0.058695122599601749,"w":0.8069307804107666},"size":15.518635749816895,"orthographic":true}