{"cameraMode":{"drawMode":0,"name":"Shaded","section":"Shading Mode"},"sceneLighting":false,"audioPlay":false,"sceneViewState":{"showFog":true,"showMaterialUpdate":false,"showSkybox":false,"showFlares":true,"showImageEffects":true,"showParticleSystems":true},"in2DMode":false,"pivot":{"x":510.78802490234377,"y":217.64984130859376,"z":-126.70391845703125},"rotation":{"x":0.11812545359134674,"y":0.040498338639736179,"z":-0.004825545009225607,"w":0.9921702742576599},"size":314.20037841796877,"orthographic":false}