{"cameraMode":{"drawMode":0,"name":"Shaded","section":"Shading Mode"},"sceneLighting":false,"audioPlay":false,"sceneViewState":{"showFog":true,"showMaterialUpdate":false,"showSkybox":false,"showFlares":true,"showImageEffects":true,"showParticleSystems":true},"in2DMode":false,"pivot":{"x":-3.5299999713897707,"y":2.7199997901916506,"z":302.5},"rotation":{"x":-0.20957139134407044,"y":-0.29915446043014529,"z":0.06752540171146393,"w":-0.9284537434577942},"size":17.536954879760743,"orthographic":false}