{"cameraMode":{"drawMode":0,"name":"Shaded","section":"Shading Mode"},"sceneLighting":true,"audioPlay":false,"sceneViewState":{"showFog":true,"showMaterialUpdate":false,"showSkybox":false,"showFlares":true,"showImageEffects":true,"showParticleSystems":true},"in2DMode":false,"pivot":{"x":8.418668746948243,"y":1.2673816680908204,"z":-5.611997604370117},"rotation":{"x":0.15039178729057313,"y":0.6722266674041748,"z":-0.14222635328769685,"w":0.7108215093612671},"size":3.490891695022583,"orthographic":false}