{"cameraMode":{"drawMode":0,"name":"Shaded","section":"Shading Mode"},"sceneLighting":false,"audioPlay":false,"sceneViewState":{"showFog":true,"showMaterialUpdate":false,"showSkybox":false,"showFlares":true,"showImageEffects":true,"showParticleSystems":true},"in2DMode":false,"pivot":{"x":-0.8500000238418579,"y":1.0299999713897706,"z":35.01953125},"rotation":{"x":-0.12813010811805726,"y":-0.2072453796863556,"z":0.0273781456053257,"w":-0.9694976210594177},"size":2.8578836917877199,"orthographic":true}