{"cameraMode":{"drawMode":0,"name":"Shaded","section":"Shading Mode"},"sceneLighting":true,"audioPlay":false,"sceneViewState":{"showFog":true,"showMaterialUpdate":false,"showSkybox":false,"showFlares":true,"showImageEffects":true,"showParticleSystems":true},"in2DMode":false,"pivot":{"x":35.87499237060547,"y":32.0123291015625,"z":930.20361328125},"rotation":{"x":-0.265524685382843,"y":0.6337444186210632,"z":-0.24617110192775727,"w":-0.6835696697235107},"size":77.99560546875,"orthographic":false}