{"cameraMode":{"drawMode":0,"name":"Shaded","section":"Shading Mode"},"sceneLighting":false,"audioPlay":false,"sceneViewState":{"showFog":true,"showMaterialUpdate":false,"showSkybox":false,"showFlares":true,"showImageEffects":true,"showParticleSystems":true},"in2DMode":false,"pivot":{"x":-0.1400001049041748,"y":2.180000066757202,"z":7.449999809265137},"rotation":{"x":0.17312951385974885,"y":0.20372788608074189,"z":-0.036630913615226749,"w":0.9629122018814087},"size":9.690203666687012,"orthographic":true}