{"cameraMode":{"drawMode":0,"name":"Shaded","section":"Shading Mode"},"sceneLighting":true,"audioPlay":false,"sceneViewState":{"showFog":true,"showMaterialUpdate":false,"showSkybox":false,"showFlares":true,"showImageEffects":true,"showParticleSystems":true},"in2DMode":false,"pivot":{"x":-19.713722229003908,"y":21.412702560424806,"z":1193.5634765625},"rotation":{"x":0.26297399401664736,"y":0.32204121351242068,"z":-0.09361585974693299,"w":0.904638946056366},"size":17.104536056518556,"orthographic":false}