{"cameraMode":{"drawMode":0,"name":"Shaded","section":"Shading Mode"},"sceneLighting":true,"audioPlay":false,"sceneViewState":{"showFog":true,"showMaterialUpdate":false,"showSkybox":false,"showFlares":true,"showImageEffects":true,"showParticleSystems":true},"in2DMode":false,"pivot":{"x":-3.3178045749664308,"y":4.9500250816345219,"z":20.37217140197754},"rotation":{"x":0.1933874934911728,"y":0.4684837758541107,"z":-0.10590319335460663,"w":0.8555333614349365},"size":11.299232482910157,"orthographic":false}