{"cameraMode":{"drawMode":0,"name":"Shaded","section":"Shading Mode"},"sceneLighting":true,"audioPlay":false,"sceneViewState":{"showFog":true,"showMaterialUpdate":false,"showSkybox":false,"showFlares":true,"showImageEffects":true,"showParticleSystems":true},"in2DMode":false,"pivot":{"x":-0.39664581418037417,"y":11.502767562866211,"z":0.03198814392089844},"rotation":{"x":0.1715904325246811,"y":-0.025118933990597726,"z":0.004376901779323816,"w":0.9848431348800659},"size":3.6352906227111818,"orthographic":false}