{"cameraMode":{"drawMode":0,"name":"Shaded","section":"Shading Mode"},"sceneLighting":true,"audioPlay":false,"sceneViewState":{"showFog":true,"showMaterialUpdate":false,"showSkybox":false,"showFlares":true,"showImageEffects":true,"showParticleSystems":true},"in2DMode":false,"pivot":{"x":5.396738052368164,"y":1.5650228261947632,"z":170.3000030517578},"rotation":{"x":-0.10667634755373001,"y":0.6445464491844177,"z":-0.0914868488907814,"w":-0.7515421509742737},"size":2.0090458393096926,"orthographic":false}