{"cameraMode":{"drawMode":0,"name":"Shaded","section":"Shading Mode"},"sceneLighting":true,"audioPlay":false,"sceneViewState":{"showFog":true,"showMaterialUpdate":false,"showSkybox":false,"showFlares":true,"showImageEffects":true,"showParticleSystems":true},"in2DMode":false,"pivot":{"x":3.2166008949279787,"y":23.259902954101564,"z":800.168212890625},"rotation":{"x":0.22531767189502717,"y":0.2732997238636017,"z":-0.06601220369338989,"w":0.9328410029411316},"size":23.738059997558595,"orthographic":false}