{"cameraMode":{"drawMode":0,"name":"Shaded","section":"Shading Mode"},"sceneLighting":true,"audioPlay":false,"sceneViewState":{"showFog":true,"showMaterialUpdate":false,"showSkybox":false,"showFlares":true,"showImageEffects":true,"showParticleSystems":true},"in2DMode":false,"pivot":{"x":-17.771305084228517,"y":-14.282154083251954,"z":94.35746765136719},"rotation":{"x":-0.04035719111561775,"y":0.9595778584480286,"z":-0.19102177023887635,"w":-0.20272521674633027},"size":29.901432037353517,"orthographic":false}