{"cameraMode":{"drawMode":0,"name":"Shaded","section":"Shading Mode"},"sceneLighting":false,"audioPlay":false,"sceneViewState":{"showFog":true,"showMaterialUpdate":false,"showSkybox":false,"showFlares":true,"showImageEffects":true,"showParticleSystems":true},"in2DMode":false,"pivot":{"x":0.520263671875,"y":1.3107337951660157,"z":7.76611328125},"rotation":{"x":-0.40209701657295229,"y":0.2800024747848511,"z":-0.1306457221508026,"w":-0.8619306683540344},"size":2.0819365978240969,"orthographic":true}