{"cameraMode":{"drawMode":0,"name":"Shaded","section":"Shading Mode"},"sceneLighting":true,"audioPlay":false,"sceneViewState":{"showFog":true,"showMaterialUpdate":false,"showSkybox":false,"showFlares":true,"showImageEffects":true,"showParticleSystems":true},"in2DMode":false,"pivot":{"x":-179.2998046875,"y":118.86172485351563,"z":241.90350341796876},"rotation":{"x":0.31274178624153139,"y":0.26176396012306216,"z":-0.09009962528944016,"w":0.9086005091667175},"size":346.24237060546877,"orthographic":false}