{"cameraMode":{"drawMode":0,"name":"Shaded","section":"Shading Mode"},"sceneLighting":true,"audioPlay":false,"sceneViewState":{"showFog":true,"showMaterialUpdate":false,"showSkybox":false,"showFlares":true,"showImageEffects":true,"showParticleSystems":true},"in2DMode":false,"pivot":{"x":12.408668518066407,"y":18.04635238647461,"z":361.2684020996094},"rotation":{"x":0.4348330795764923,"y":-0.24636542797088624,"z":0.12499040365219116,"w":0.8570892214775086},"size":8.246085166931153,"orthographic":false}