{"cameraMode":{"drawMode":0,"name":"Shaded","section":"Shading Mode"},"sceneLighting":true,"audioPlay":false,"sceneViewState":{"showFog":true,"showMaterialUpdate":false,"showSkybox":false,"showFlares":true,"showImageEffects":true,"showParticleSystems":true},"in2DMode":false,"pivot":{"x":-28.7650146484375,"y":39.824005126953128,"z":287.8019104003906},"rotation":{"x":0.2951568365097046,"y":-0.2837589979171753,"z":0.0922737866640091,"w":0.9076614379882813},"size":278.95672607421877,"orthographic":false}