{"cameraMode":{"drawMode":0,"name":"Shaded","section":"Shading Mode"},"sceneLighting":true,"audioPlay":false,"sceneViewState":{"showFog":true,"showMaterialUpdate":false,"showSkybox":false,"showFlares":true,"showImageEffects":true,"showParticleSystems":true},"in2DMode":false,"pivot":{"x":77.15100860595703,"y":187.19508361816407,"z":47.0037841796875},"rotation":{"x":0.27465108036994936,"y":0.07059414684772492,"z":-0.020223382860422136,"w":0.958736002445221},"size":189.7784423828125,"orthographic":false}