{"cameraMode":{"drawMode":0,"name":"Shaded","section":"Shading Mode"},"sceneLighting":true,"audioPlay":false,"sceneViewState":{"showFog":true,"showMaterialUpdate":false,"showSkybox":false,"showFlares":true,"showImageEffects":true,"showParticleSystems":true},"in2DMode":false,"pivot":{"x":5.31636905670166,"y":-3.859130859375,"z":39.04883575439453},"rotation":{"x":-0.18746960163116456,"y":-0.7939284443855286,"z":0.3015606999397278,"w":-0.4935656785964966},"size":13.022601127624512,"orthographic":false}