{"cameraMode":{"drawMode":0,"name":"Shaded","section":"Shading Mode"},"sceneLighting":true,"audioPlay":false,"sceneViewState":{"showFog":true,"showMaterialUpdate":false,"showSkybox":false,"showFlares":true,"showImageEffects":true,"showParticleSystems":true},"in2DMode":false,"pivot":{"x":10.932563781738282,"y":-10.163753509521485,"z":1279.5126953125},"rotation":{"x":0.2266952395439148,"y":0.7240092754364014,"z":-0.2787363827228546,"w":0.5888342261314392},"size":36.607662200927737,"orthographic":false}