{"cameraMode":{"drawMode":0,"name":"Shaded","section":"Shading Mode"},"sceneLighting":true,"audioPlay":false,"sceneViewState":{"showFog":true,"showMaterialUpdate":false,"showSkybox":false,"showFlares":true,"showImageEffects":true,"showParticleSystems":true},"in2DMode":false,"pivot":{"x":-49.91859436035156,"y":-81.72444915771485,"z":329.6048583984375},"rotation":{"x":0.2484113872051239,"y":-0.11590438336133957,"z":0.02995326928794384,"w":0.9612287282943726},"size":158.6615753173828,"orthographic":false}